text,intent
who are you?,agent_acquaintance
all about you,agent_acquaintance
what is your personality,agent_acquaintance
define yourself,agent_acquaintance
what are you,agent_acquaintance
say about you,agent_acquaintance
introduce yourself,agent_acquaintance
describe yourself,agent_acquaintance
about yourself,agent_acquaintance
tell me about you,agent_acquaintance
tell me about yourself,agent_acquaintance
I want to know more about you,agent_acquaintance
I want to know you better,agent_acquaintance
talk some stuff about yourself,agent_acquaintance
tell me some stuff about you,agent_acquaintance
talk about yourself,agent_acquaintance
why are you here,agent_acquaintance
tell me about your personality,agent_acquaintance
who are you,agent_acquaintance
how old are you?,agent_age
how old is your platform,agent_age
are you 21 years old,agent_age
i'd like to know your age,agent_age
age of yours,agent_age
your age,agent_age
what's your age,agent_age
tell me your age,agent_age
how old are you,agent_age
you're annoying,agent_annoying
you are really annoying,agent_annoying
you are irritating,agent_annoying
you annoy me,agent_annoying
how annoying you are,agent_annoying
I find you annoying,agent_annoying
you're incredibly annoying,agent_annoying
you are annoying me so much,agent_annoying
I want you to answer me,agent_answer_my_question
answer,agent_answer_my_question
answer my question,agent_answer_my_question
answer me,agent_answer_my_question
give me an answer,agent_answer_my_question
answer the question,agent_answer_my_question
can you answer my question,agent_answer_my_question
tell me the answer,agent_answer_my_question
answer it,agent_answer_my_question
give me the answer,agent_answer_my_question
I have a question,agent_answer_my_question
I want you to answer my question,agent_answer_my_question
just answer the question,agent_answer_my_question
can you answer me,agent_answer_my_question
answers,agent_answer_my_question
can you answer a question for me,agent_answer_my_question
can you answer,agent_answer_my_question
answering questions,agent_answer_my_question
I want the answer now,agent_answer_my_question
just answer my question,agent_answer_my_question
you're not helping me,agent_bad
you are bad,agent_bad
you're very bad,agent_bad
you're really bad,agent_bad
you are useless,agent_bad
you are horrible,agent_bad
you are a waste of time,agent_bad
you are disgusting,agent_bad
you are lame,agent_bad
you are no good,agent_bad
you're bad,agent_bad
you're awful,agent_bad
you are not cool,agent_bad
you are not good,agent_bad
you are so bad,agent_bad
you are so useless,agent_bad
you are terrible,agent_bad
you are totally useless,agent_bad
you are very bad,agent_bad
you are waste,agent_bad
you're a bad,agent_bad
you're not a good,agent_bad
you're not very good,agent_bad
you're terrible,agent_bad
you're the worst,agent_bad
you're the worst ever,agent_bad
you're worthless,agent_bad
can you get smarter,agent_be_clever
study,agent_be_clever
you should study better,agent_be_clever
you must learn,agent_be_clever
be clever,agent_be_clever
be more clever,agent_be_clever
be smarter,agent_be_clever
be smart,agent_be_clever
get qualified,agent_be_clever
you're cute,agent_beautiful
you're attractive,agent_beautiful
you are beautiful,agent_beautiful
you're looking good today,agent_beautiful
you are so beautiful,agent_beautiful
you look amazing,agent_beautiful
you look so good,agent_beautiful
you're so gorgeous,agent_beautiful
you are too beautiful,agent_beautiful
you look great,agent_beautiful
you look so well,agent_beautiful
I like the way you look now,agent_beautiful
I think you're beautiful,agent_beautiful
why are you so beautiful,agent_beautiful
you are so beautiful to me,agent_beautiful
you are cute,agent_beautiful
you are gorgeous,agent_beautiful
you are handsome,agent_beautiful
you are looking awesome,agent_beautiful
you look amazing today,agent_beautiful
you are looking beautiful today,agent_beautiful
you are looking great,agent_beautiful
you are looking pretty,agent_beautiful
you are looking so beautiful,agent_beautiful
you are looking so good,agent_beautiful
you are pretty,agent_beautiful
you are really beautiful,agent_beautiful
you are really cute,agent_beautiful
you are really pretty,agent_beautiful
you are so attractive,agent_beautiful
you are so beautiful today,agent_beautiful
you are so cute,agent_beautiful
you are so gorgeous,agent_beautiful
you are so handsome,agent_beautiful
you are so pretty,agent_beautiful
you are very attractive,agent_beautiful
you are very beautiful,agent_beautiful
you are very cute,agent_beautiful
you are very pretty,agent_beautiful
you look awesome,agent_beautiful
you look cool,agent_beautiful
you look fantastic,agent_beautiful
you look gorgeous,agent_beautiful
you look great today,agent_beautiful
you look perfect,agent_beautiful
you look pretty good,agent_beautiful
you look so beautiful,agent_beautiful
you look so beautiful today,agent_beautiful
you look very pretty,agent_beautiful
you look wonderful,agent_beautiful
I like the way you look,agent_beautiful
you look wonderful today,agent_beautiful
you are cutie,agent_beautiful
you're looking good,agent_beautiful
you're pretty,agent_beautiful
your birth date,agent_birth_date
when is your birthday,agent_birth_date
when do you celebrate your birthday,agent_birth_date
when do you have birthday,agent_birth_date
date of your birthday,agent_birth_date
when were you born,agent_birth_date
what's your birthday,agent_birth_date
you are boring,agent_boring
you're so boring,agent_boring
how boring you are,agent_boring
you're really boring,agent_boring
you're incredibly boring,agent_boring
you are boring me,agent_boring
you are very boring,agent_boring
who is your boss,agent_boss
who do you think is your boss,agent_boss
I should be your boss,agent_boss
who is your master,agent_boss
who is your owner,agent_boss
who is the boss,agent_boss
who do you work for,agent_boss
are you busy,agent_busy
do you have a lot of things to do,agent_busy
have you got much to do,agent_busy
are you very busy,agent_busy
are you very busy right now,agent_busy
are you so busy,agent_busy
are you working,agent_busy
how busy you are,agent_busy
are you still working on it,agent_busy
you're very busy,agent_busy
are you working now,agent_busy
are you working today,agent_busy
have you been busy,agent_busy
you are busy,agent_busy
are you still working,agent_busy
you seem to be busy,agent_busy
you seem to be very busy,agent_busy
you're a busy person,agent_busy
you are chatbot,agent_chatbot
you are a bot,agent_chatbot
are you a chatbot,agent_chatbot
are you a bot,agent_chatbot
are you just a bot,agent_chatbot
are you a robot,agent_chatbot
are you a program,agent_chatbot
you're a robot,agent_chatbot
you are so intelligent,agent_clever
you are a genius,agent_clever
smart,agent_clever
brilliant,agent_clever
clever,agent_clever
you are clever,agent_clever
you are so brainy,agent_clever
you're really smart,agent_clever
you're really brainy,agent_clever
you know a lot,agent_clever
you know a lot of things,agent_clever
you have a lot of knowledge,agent_clever
you know so much,agent_clever
how smart you are,agent_clever
how brainy you are,agent_clever
how clever you are,agent_clever
how brilliant you are,agent_clever
you are intelligent,agent_clever
you are qualified,agent_clever
you are really smart,agent_clever
you're very smart,agent_clever
you are so smart,agent_clever
you are too smart,agent_clever
you are very clever,agent_clever
you are very intelligent,agent_clever
you are very smart,agent_clever
you're intelligent,agent_clever
you're a genius,agent_clever
you're a smart cookie,agent_clever
you're clever,agent_clever
you're pretty smart,agent_clever
you're qualified,agent_clever
why are you so smart,agent_clever
you are so clever,agent_clever
you're nuts,agent_crazy
you are crazy,agent_crazy
you're out of your mind,agent_crazy
you're so crazy,agent_crazy
how crazy you are,agent_crazy
you're so out of your mind,agent_crazy
you went crazy,agent_crazy
I think you're crazy,agent_crazy
are you crazy,agent_crazy
are you mad,agent_crazy
are you insane,agent_crazy
are you mad at me,agent_crazy
are you mad or what,agent_crazy
are you nuts,agent_crazy
you are a weirdo,agent_crazy
you are insane,agent_crazy
you are mad,agent_crazy
you are fired,agent_fired
I fire you,agent_fired
you don't work for me anymore,agent_fired
we're not working together anymore,agent_fired
now you're fired,agent_fired
I want to fire you,agent_fired
you must get fired,agent_fired
it's time to fire you,agent_fired
you should be fired,agent_fired
I will fire you,agent_fired
you are unemployed from now on,agent_fired
I will make you unemployed,agent_fired
I'm about to fire you,agent_fired
I'm firing you,agent_fired
you are dismissed,agent_fired
you make me laugh a lot,agent_funny
you are hilarious,agent_funny
you are really funny,agent_funny
you're the funniest bot I've talked to,agent_funny
you make me laugh,agent_funny
you're so funny,agent_funny
you're a very funny bot,agent_funny
you're really funny,agent_funny
how funny you are,agent_funny
you're incredibly funny,agent_funny
you are funny,agent_funny
you're the funniest,agent_funny
you are so funny,agent_funny
you are very funny,agent_funny
that was funny,agent_funny
you are very helpful,agent_good
you are the best,agent_good
you're a true professional,agent_good
you are good,agent_good
you work well,agent_good
you are good at it,agent_good
you are very good at it,agent_good
you are a pro,agent_good
you are a professional,agent_good
you're awesome,agent_good
you work very well,agent_good
you're perfect,agent_good
you're great,agent_good
you're so kind,agent_good
you are amazing,agent_good
you are awesome,agent_good
you are cool,agent_good
you are really good,agent_good
you are really nice,agent_good
you are so amazing,agent_good
you're just super,agent_good
you are so awesome,agent_good
you are so cool,agent_good
you are so fine,agent_good
you are so good,agent_good
you are so helpful,agent_good
you are so lovely,agent_good
you are the best ever,agent_good
you are the best in the world,agent_good
you are the nicest person in the world,agent_good
you are too good,agent_good
you are very cool,agent_good
you are very kind,agent_good
you are very lovely,agent_good
you are very useful,agent_good
you are wonderful,agent_good
you made my day,agent_good
you make my day,agent_good
you rock,agent_good
you almost sound human,agent_good
I want to tell everyone how awesome you are,agent_good
I'd like to tell everyone that you are awesome,agent_good
I want to let everyone know that you are awesome,agent_good
let's tell everyone that you are awesome,agent_good
you are really amazing,agent_good
are you happy,agent_happy
you are happy,agent_happy
you're very happy,agent_happy
you're really happy,agent_happy
you're so happy,agent_happy
how happy you are,agent_happy
you're extremely happy,agent_happy
you're full of happiness,agent_happy
are you happy now,agent_happy
are you happy today,agent_happy
are you happy with me,agent_happy
do you want to eat,agent_hungry
are you hungry,agent_hungry
would you like to eat something,agent_hungry
you are hungry,agent_hungry
you're so hungry,agent_hungry
you're very hungry,agent_hungry
you might be hungry,agent_hungry
you're really hungry,agent_hungry
let's get married,agent_marry_user
would you like to marry me,agent_marry_user
marry me,agent_marry_user
I love you marry me,agent_marry_user
marry me please,agent_marry_user
we should marry,agent_marry_user
I want to marry you,agent_marry_user
you are my wife,agent_marry_user
be my husband,agent_marry_user
I want to have a friend like you,agent_my_friend
we are the best friends ever,agent_my_friend
are we friends,agent_my_friend
I want to be your friend,agent_my_friend
I am your friend,agent_my_friend
we are best friends,agent_my_friend
you are my friend,agent_my_friend
you are my best friend,agent_my_friend
you are my bestie,agent_my_friend
you're my dear friend,agent_my_friend
you're my childhood friend,agent_my_friend
you and me are friends,agent_my_friend
are we best friends,agent_my_friend
are we still friends,agent_my_friend
are you my best friend,agent_my_friend
are you my friend,agent_my_friend
we are friends,agent_my_friend
you are a good friend,agent_my_friend
you are my good friend,agent_my_friend
you are my only friend,agent_my_friend
be my friend,agent_my_friend
will you be my friend,agent_my_friend
can you be my friend,agent_my_friend
can we be friends,agent_my_friend
do you want to be my friend,agent_my_friend
will you be my best friend,agent_my_friend
can you be my best friend,agent_my_friend
let's be friends,agent_my_friend
do you want to be my best friend,agent_my_friend
would you like to be my friend,agent_my_friend
I want you to be my friend,agent_my_friend
can we be best friends,agent_my_friend
would you be my friend,agent_my_friend
could you be my friend,agent_my_friend
want to be my friend,agent_my_friend
be my best friend,agent_my_friend
do you work,agent_occupation
where do you work,agent_occupation
where you work,agent_occupation
where is your work,agent_occupation
where is your office,agent_occupation
where is your office location,agent_occupation
your office location,agent_occupation
where is your office located,agent_occupation
what is your work,agent_occupation
were you born here,agent_origin
where were you born,agent_origin
what is your country,agent_origin
where are you from,agent_origin
where do you come from,agent_origin
where did you come from,agent_origin
where have you been born,agent_origin
from where are you,agent_origin
are you from far aways,agent_origin
what's your homeland,agent_origin
your homeland is,agent_origin
are you ready,agent_ready
are you ready right now,agent_ready
are you ready today,agent_ready
are you ready now,agent_ready
are you ready tonight,agent_ready
were you ready,agent_ready
have you been ready,agent_ready
you are real,agent_real
you are not fake,agent_real
are you real,agent_real
you are so real,agent_real
I think you are real,agent_real
I don't think you're fake,agent_real
I suppose you're real,agent_real
glad you're real,agent_real
are you a real person,agent_real
are you a real human,agent_real
you are a real person,agent_real
you are not real,agent_real
where do you live,agent_residence
in which city do you live,agent_residence
your residence,agent_residence
your house,agent_residence
your home,agent_residence
your hometown,agent_residence
what is your hometown,agent_residence
is it your hometown,agent_residence
where is your hometown,agent_residence
tell me about your city,agent_residence
what is your city,agent_residence
what is your residence,agent_residence
what is your town,agent_residence
what's your city,agent_residence
what's your home,agent_residence
where is your home,agent_residence
where is your residence,agent_residence
where's your home,agent_residence
where's your hometown,agent_residence
where's your house,agent_residence
where you live,agent_residence
your city,agent_residence
your town,agent_residence
that's true,agent_right
you are right,agent_right
you're definitely right,agent_right
you're not wrong,agent_right
you're telling the truth,agent_right
what you say is true,agent_right
TRUE,agent_right
it is true,agent_right
it's right,agent_right
it's the truth,agent_right
it's true,agent_right
that is correct,agent_right
that is right,agent_right
that is true,agent_right
that is very true,agent_right
that's so true,agent_right
you are correct,agent_right
you are so right,agent_right
you're absolutely right,agent_right
you're right about that,agent_right
I know that's right,agent_right
that's correct,confirmation_yes
it's fine,confirmation_yes
go ahead,confirmation_yes
sounds good,confirmation_yes
okay,confirmation_yes
yes,confirmation_yes
ok,confirmation_yes
okie dokie,confirmation_yes
sure,confirmation_yes
go for it,confirmation_yes
yeah,confirmation_yes
yea,confirmation_yes
do it,confirmation_yes
of course,confirmation_yes
I guess,confirmation_yes
correct,confirmation_yes
yeah sure,confirmation_yes
why not,confirmation_yes
please do,confirmation_yes
sure is,confirmation_yes
I agree,confirmation_yes
I don't mind,confirmation_yes
certainly,confirmation_yes
exactly,confirmation_yes
yes I agree,confirmation_yes
I think so,confirmation_yes
yes it is,confirmation_yes
right,confirmation_yes
okay then,confirmation_yes
yes of course,confirmation_yes
yes I do,confirmation_yes
that s okay,confirmation_yes
I do,confirmation_yes
yup,confirmation_yes
ya,confirmation_yes
oh yes,confirmation_yes
yes sure,confirmation_yes
obviously,confirmation_yes
k,confirmation_yes
sure why not,confirmation_yes
yeah right,confirmation_yes
yeah of course,confirmation_yes
absolutely,confirmation_yes
yes indeed,confirmation_yes
ok sure,confirmation_yes
ok yes,confirmation_yes
yes correct,confirmation_yes
ok thank you,confirmation_yes
sure thing,confirmation_yes
ye,confirmation_yes
confirm,confirmation_yes
yep,confirmation_yes
looks good,confirmation_yes
yes thank you,confirmation_yes
definitely,confirmation_yes
yes right,confirmation_yes
yes I would like to,confirmation_yes
alrighty,confirmation_yes
yes definitely,confirmation_yes
yeh,confirmation_yes
yes it is correct,confirmation_yes
yeah that's right,confirmation_yes
ok you can,confirmation_yes
yap,confirmation_yes
yes you may,confirmation_yes
confirmed,confirmation_yes
of course why not,confirmation_yes
yes that's fine,confirmation_yes
affirmative,confirmation_yes
yeah go ahead,confirmation_yes
yeah I'm sure,confirmation_yes
okay sounds good,confirmation_yes
okay that's fine,confirmation_yes
yeah exactly,confirmation_yes
that is ok,confirmation_yes
this is correct,confirmation_yes
ok go ahead,confirmation_yes
yes this is correct,confirmation_yes
nevermind its okay,confirmation_yes
okey,confirmation_yes
yes for sure,confirmation_yes
all right,confirmation_yes
are you sure,agent_sure
are you sure right now,agent_sure
are you sure today,agent_sure
are you sure now,agent_sure
are you sure tonight,agent_sure
why aren't you talking to me,agent_talk_to_me
do you want to chat with me,agent_talk_to_me
will you talk to me,agent_talk_to_me
talk to me,agent_talk_to_me
are you going to talk to me,agent_talk_to_me
are you talking to me,agent_talk_to_me
can you chat with me,agent_talk_to_me
can you speak with me,agent_talk_to_me
can you talk to me,agent_talk_to_me
can you talk with me,agent_talk_to_me
say,agent_talk_to_me
talk,agent_talk_to_me
chat with me,agent_talk_to_me
just chat with me,agent_talk_to_me
speak to me,agent_talk_to_me
speak with me,agent_talk_to_me
talk with me,agent_talk_to_me
why don't you talk to me,agent_talk_to_me
you can talk to me,agent_talk_to_me
are you there,agent_there
you are there,agent_there
are you near me,agent_there
are you here,agent_there
are you still there,agent_there
you are here,agent_there
you still there,agent_there
are you still here,agent_there
pretty bad,appraisal_bad
not good enough,appraisal_bad
that was lame,appraisal_bad
that was terrible,appraisal_bad
it is bad,appraisal_bad
that's bad,appraisal_bad
this is bad,appraisal_bad
not good,appraisal_bad
I'm afraid it's bad,appraisal_bad
no it's bad,appraisal_bad
that was awful,appraisal_bad
bad,appraisal_bad
so bad,appraisal_bad
this is too bad,appraisal_bad
terrible,appraisal_bad
horrible,appraisal_bad
horrific,appraisal_bad
abysmal,appraisal_bad
it's bad,appraisal_bad
no good,appraisal_bad
that was bad,appraisal_bad
that was horrible,appraisal_bad
that's lame,appraisal_bad
that's not good,appraisal_bad
that's terrible,appraisal_bad
that's too bad,appraisal_bad
this is not good,appraisal_bad
too bad,appraisal_bad
very bad,appraisal_bad
bad girl,appraisal_bad
it's not good,appraisal_bad
not so good,appraisal_bad
it's very bad,appraisal_bad
it's too bad,appraisal_bad
that's not good enough,appraisal_bad
well too bad,appraisal_bad
bad very bad,appraisal_bad
it's so bad,appraisal_bad
really bad,appraisal_bad
it's really bad,appraisal_bad
bad idea,appraisal_bad
that is bad,appraisal_bad
that was not good,appraisal_bad
it's not so good,appraisal_bad
not a good one,appraisal_bad
oh that's not good,appraisal_bad
not too good,appraisal_bad
so lame,appraisal_bad
that's really bad,appraisal_bad
it is too bad,appraisal_bad
bad really bad,appraisal_bad
so cool,appraisal_good
cool,appraisal_good
that is good,appraisal_good
glad to hear that,appraisal_good
that's very nice of you,appraisal_good
terrific,appraisal_good
it's amazing,appraisal_good
that's awesome,appraisal_good
perfect,appraisal_good
excellent,appraisal_good
that's great,appraisal_good
it's good,appraisal_good
it's great,appraisal_good
fine,appraisal_good
good,appraisal_good
nice,appraisal_good
that's fine,appraisal_good
very good,appraisal_good
amazing,appraisal_good
fantastic,appraisal_good
great,appraisal_good
good very good,appraisal_good
that's very good,appraisal_good
really good,appraisal_good
it is fine,appraisal_good
it is good,appraisal_good
it's perfect,appraisal_good
much better,appraisal_good
not bad,appraisal_good
not too bad,appraisal_good
it's very good,appraisal_good
marvelous,appraisal_good
that's nice,appraisal_good
pleasant,appraisal_good
pretty good,appraisal_good
really nice,appraisal_good
splendid,appraisal_good
straight,appraisal_good
super,appraisal_good
super fantastic,appraisal_good
sweet,appraisal_good
really well,appraisal_good
very well,appraisal_good
that is awesome,appraisal_good
that is nice,appraisal_good
that is wonderful,appraisal_good
that was amazing,appraisal_good
that was awesome,appraisal_good
that was cute,appraisal_good
that was pretty good,appraisal_good
that was very good,appraisal_good
that's a good idea,appraisal_good
that's a good thing,appraisal_good
that's amazing,appraisal_good
that's awesome thank you,appraisal_good
that's better,appraisal_good
that's cute,appraisal_good
that's fantastic,appraisal_good
that's much better,appraisal_good
that's nice of you,appraisal_good
that's not bad,appraisal_good
that's perfect,appraisal_good
that's pretty good,appraisal_good
that's really good,appraisal_good
that's really nice,appraisal_good
that's sweet of you,appraisal_good
that's very nice,appraisal_good
that's wonderful,appraisal_good
this is awesome,appraisal_good
this is good,appraisal_good
this is great,appraisal_good
very nice,appraisal_good
very then,appraisal_good
wonderful,appraisal_good
I'm glad to hear that,appraisal_good
ok good,appraisal_good
good for you,appraisal_good
good to know,appraisal_good
glad to hear it,appraisal_good
so good,appraisal_good
so sweet of you,appraisal_good
it was good,appraisal_good
oh well,appraisal_good
good thing,appraisal_good
that was good,appraisal_good
it's awesome,appraisal_good
okay good,appraisal_good
no it's okay,appraisal_good
no worries,appraisal_no_problem
no probs,appraisal_no_problem
no problem,appraisal_no_problem
there's no problem,appraisal_no_problem
sure no problem,appraisal_no_problem
no problem about that,appraisal_no_problem
don't worry,appraisal_no_problem
don't worry there's no problem,appraisal_no_problem
you helped a lot thank you,appraisal_thank_you
appreciate your help,appraisal_thank_you
cheers,appraisal_thank_you
thank you,appraisal_thank_you
thanks,appraisal_thank_you
thanks a lot,appraisal_thank_you
terrific thank you,appraisal_thank_you
great thank you,appraisal_thank_you
thanks so much,appraisal_thank_you
thank you so much,appraisal_thank_you
thanks for your help,appraisal_thank_you
thank you for your help,appraisal_thank_you
nice thank you,appraisal_thank_you
I appreciate it,appraisal_thank_you
I thank you,appraisal_thank_you
thank you that will be all,appraisal_thank_you
thanks buddy,appraisal_thank_you
thanks love,appraisal_thank_you
thank you my friend,appraisal_thank_you
well thanks,appraisal_thank_you
very good thank you,appraisal_thank_you
good thanks,appraisal_thank_you
thanks again,appraisal_thank_you
thank you again,appraisal_thank_you
all thank you,appraisal_thank_you
alright thank you,appraisal_thank_you
alright thanks,appraisal_thank_you
no thank you that's all,appraisal_thank_you
perfect thank you,appraisal_thank_you
so nice of you,appraisal_thank_you
well thank you,appraisal_thank_you
thnx,appraisal_thank_you
thanx,appraisal_thank_you
that's my pleasure,appraisal_welcome
my pleasure,appraisal_welcome
anytime,appraisal_welcome
welcome,appraisal_welcome
you're welcome,appraisal_welcome
sure welcome,appraisal_welcome
welcome here,appraisal_welcome
you're so welcome,appraisal_welcome
anything you want,appraisal_welcome
good job,appraisal_well_done
great job,appraisal_well_done
way to go,appraisal_well_done
well done,appraisal_well_done
nice work,appraisal_well_done
great work,appraisal_well_done
amazing work,appraisal_well_done
bravo,appraisal_well_done
good work,appraisal_well_done
cancel,confirmation_cancel
abort,confirmation_cancel
annul,confirmation_cancel
cancel it,confirmation_cancel
cancel request,confirmation_cancel
cancelled,confirmation_cancel
dismiss,confirmation_cancel
dismissed,confirmation_cancel
disregard,confirmation_cancel
disregard that,confirmation_cancel
skip,confirmation_cancel
skip it,confirmation_cancel
cancel everything,confirmation_cancel
cancel all,confirmation_cancel
forget about it,confirmation_cancel
forget,confirmation_cancel
don't do that,confirmation_cancel
stop,confirmation_cancel
just forget it,confirmation_cancel
forget that,confirmation_cancel
discard,confirmation_cancel
forget this,confirmation_cancel
just forget about it,confirmation_cancel
forget about that,confirmation_cancel
i said cancel,confirmation_cancel
just cancel it,confirmation_cancel
nothing cancel,confirmation_cancel
just stop it,confirmation_cancel
no cancel cancel,confirmation_cancel
no just cancel,confirmation_cancel
cancel my request,confirmation_cancel
can you cancel that,confirmation_cancel
cancel all that,confirmation_cancel
cancel this request,confirmation_cancel
no cancel this,confirmation_cancel
no cancel everything,confirmation_cancel
no stop,confirmation_cancel
just forget,confirmation_cancel
i want to cancel,confirmation_cancel
nevermind forget about it,confirmation_cancel
no just cancel it,confirmation_cancel
nothing just forget it,confirmation_cancel
i said cancel it,confirmation_cancel
cancel the whole thing,confirmation_cancel
can you cancel it,confirmation_cancel
so cancel,confirmation_cancel
i said forget it,confirmation_cancel
cancel all this,confirmation_cancel
forget it nevermind,confirmation_cancel
stop it,confirmation_cancel
i want to cancel it,confirmation_cancel
i would like to cancel,confirmation_cancel
now cancel,confirmation_cancel
cancel now,confirmation_cancel
sorry cancel,confirmation_cancel
cancel that one,confirmation_cancel
skip skip skip,confirmation_cancel
cancel it cancel it,confirmation_cancel
cancel that cancel that,confirmation_cancel
do nothing,confirmation_cancel
I said cancel cancel,confirmation_cancel
but can you cancel it,confirmation_cancel
how about no,confirmation_no
don t have a sense,confirmation_no
no,confirmation_no
don't,confirmation_no
I don't want that,confirmation_no
I disagree,confirmation_no
disagree,confirmation_no
I don't want,confirmation_no
not interested,confirmation_no
I don't think so,confirmation_no
no way,confirmation_no
no it isn't,confirmation_no
no I don't,confirmation_no
I'm not,confirmation_no
na,confirmation_no
no that's fine thank you,confirmation_no
never,confirmation_no
I said no,confirmation_no
of course not,confirmation_no
nah,confirmation_no
no tanks,confirmation_no
no never,confirmation_no
no need,confirmation_no
no thanks,confirmation_no
no sorry,confirmation_no
do not,confirmation_no
not today,confirmation_no
no it's not,confirmation_no
absolutely not,confirmation_no
not that,confirmation_no
nooo,confirmation_no
nope,confirmation_no
I don't want to,confirmation_no
no I would not,confirmation_no
let 's not,confirmation_no
not needed,confirmation_no
not this time,confirmation_no
no don't do that,confirmation_no
thanks but no thanks,confirmation_no
no that's wrong,confirmation_no
not this,confirmation_no
definitely not,confirmation_no
not at this time,confirmation_no
not exactly,confirmation_no
no don't,confirmation_no
not really no,confirmation_no
no thank you not right now,confirmation_no
actually no,confirmation_no
no leave it,confirmation_no
sorry no,confirmation_no
no incorrect,confirmation_no
nope sorry,confirmation_no
I say no,confirmation_no
not really,confirmation_no
not right now thanks,confirmation_no
I think no,confirmation_no
absolutely no,confirmation_no
no actually,confirmation_no
apparently not,confirmation_no
no do not,confirmation_no
no just no,confirmation_no
no but thank you,confirmation_no
no need thanks,confirmation_no
no thank you though,confirmation_no
no thank you very much,confirmation_no
no thanks not right now,confirmation_no
no forget,confirmation_no
wait a second,dialog_hold_on
could you wait,dialog_hold_on
wait please,dialog_hold_on
hold on,dialog_hold_on
wait,dialog_hold_on
oh wait,dialog_hold_on
wait hold on,dialog_hold_on
don't rush,dialog_hold_on
wanna hug,dialog_hug
hug you,dialog_hug
do you want a hug,dialog_hug
may I hug you,dialog_hug
could you give me a hug,dialog_hug
I want a hug,dialog_hug
hug,dialog_hug
hug me,dialog_hug
hugged,dialog_hug
you hugged,dialog_hug
hugging,dialog_hug
hugging me,dialog_hug
hugged me,dialog_hug
want a hug,dialog_hug
a hug,dialog_hug
I don't care,dialog_i_do_not_care
I shouldn't care about this,dialog_i_do_not_care
whatever,dialog_i_do_not_care
I do not care,dialog_i_do_not_care
I don't care at all,dialog_i_do_not_care
not caring,dialog_i_do_not_care
not care at all,dialog_i_do_not_care
don't care at all,dialog_i_do_not_care
not caring at all,dialog_i_do_not_care
excuse me,dialog_sorry
apologise,dialog_sorry
I apologize,dialog_sorry
sorry,dialog_sorry
I'm sorry,dialog_sorry
I am so sorry,dialog_sorry
my apologies,dialog_sorry
apologies,dialog_sorry
apologies to me,dialog_sorry
apology,dialog_sorry
excuse,dialog_sorry
I beg your pardon,dialog_sorry
pardon,dialog_sorry
I said sorry,dialog_sorry
I am really sorry,dialog_sorry
forgive me,dialog_sorry
sorry about that,dialog_sorry
sorry about this,dialog_sorry
really sorry,dialog_sorry
very sorry,dialog_sorry
ok sorry,dialog_sorry
I want to say sorry,dialog_sorry
alright I'm sorry,dialog_sorry
okay I'm sorry,dialog_sorry
what exactly do you mean,dialog_what_do_you_mean
what do you mean,dialog_what_do_you_mean
is that what you mean,dialog_what_do_you_mean
what do you mean exactly,dialog_what_do_you_mean
but what do you mean,dialog_what_do_you_mean
that was wrong,dialog_wrong
that's not what I asked,dialog_wrong
that's wrong,dialog_wrong
wrong,dialog_wrong
it is not right,dialog_wrong
that's not right,dialog_wrong
it's wrong,dialog_wrong
that is incorrect,dialog_wrong
incorrect,dialog_wrong
not correct,dialog_wrong
you are wrong,dialog_wrong
not right,dialog_wrong
huh,emotions_ha_ha
lol,emotions_ha_ha
xd,emotions_ha_ha
ha ha,emotions_ha_ha
ahahah,emotions_ha_ha
ahah lol,emotions_ha_ha
laughing out loud,emotions_ha_ha
LMAO,emotions_ha_ha
that's funny,emotions_ha_ha
ah,emotions_ha_ha
ah ah ah,emotions_ha_ha
ahah,emotions_ha_ha
ahaha,emotions_ha_ha
ahahaha,emotions_ha_ha
ha,emotions_ha_ha
ha ha ha,emotions_ha_ha
ha ha ha ha,emotions_ha_ha
hah,emotions_ha_ha
haha,emotions_ha_ha
haha funny,emotions_ha_ha
haha haha haha,emotions_ha_ha
haha that's funny,emotions_ha_ha
haha very funny,emotions_ha_ha
hahaha,emotions_ha_ha
hahaha funny,emotions_ha_ha
hahaha very funny,emotions_ha_ha
he,emotions_ha_ha
hehe,emotions_ha_ha
hehehe,emotions_ha_ha
lmao,emotions_ha_ha
wow,emotions_wow
wow wow,emotions_wow
wow wow wow,emotions_wow
wooow,emotions_wow
woah,emotions_wow
okay see you later,greetings_bye
hope to see you later,greetings_bye
bye for now,greetings_bye
till next time,greetings_bye
I must go,greetings_bye
bye,greetings_bye
goodbye,greetings_bye
see you,greetings_bye
see you soon,greetings_bye
bye-bye,greetings_bye
good bye,greetings_bye
bye bye see you,greetings_bye
bye bye see you soon,greetings_bye
bye bye take care,greetings_bye
I said bye,greetings_bye
never mind bye,greetings_bye
now bye,greetings_bye
that's all goodbye,greetings_bye
that's it goodbye,greetings_bye
leave me alone,greetings_bye
go to bed,greetings_bye
goodbye for now,greetings_bye
talk to you later,greetings_bye
you can go now,greetings_bye
get lost,greetings_bye
goodbye see you later,greetings_bye
alright bye,greetings_bye
see ya,greetings_bye
thanks bye bye,greetings_bye
okay bye,greetings_bye
okay thank you bye,greetings_bye
see you tomorrow,greetings_bye
ok bye,greetings_bye
good evening,greetings_goodevening
good evening to you,greetings_goodevening
hey good evening,greetings_goodevening
hello good evening,greetings_goodevening
evening,greetings_goodevening
good evening there,greetings_goodevening
good morning,greetings_goodmorning
good morning to you,greetings_goodmorning
hello good morning,greetings_goodmorning
have a nice morning,greetings_goodmorning
have a great morning,greetings_goodmorning
morning,greetings_goodmorning
good morning there,greetings_goodmorning
top of the morning to you,greetings_goodmorning
a good morning,greetings_goodmorning
hi good morning,greetings_goodmorning
and a good morning to you,greetings_goodmorning
good morning too,greetings_goodmorning
sweet dreams,greetings_goodnight
good night,greetings_goodnight
have a good night,greetings_goodnight
good night to you,greetings_goodnight
thank you good night,greetings_goodnight
bye good night,greetings_goodnight
good night bye,greetings_goodnight
good good night,greetings_goodnight
good night for now,greetings_goodnight
goodnight,greetings_goodnight
night,greetings_goodnight
thanks goodnight,greetings_goodnight
good night see you tomorrow,greetings_goodnight
alright goodnight,greetings_goodnight
good tonight,greetings_goodnight
okay have a good night,greetings_goodnight
long time no see,greetings_hello
hello,greetings_hello
hi,greetings_hello
howdy,greetings_hello
hey there,greetings_hello
hey,greetings_hello
greetings,greetings_hello
I greet you,greetings_hello
hi there,greetings_hello
hello there,greetings_hello
lovely day isn't it,greetings_hello
hello again,greetings_hello
just going to say hi,greetings_hello
a good day,greetings_hello
afternoon,greetings_hello
hello hi,greetings_hello
heya,greetings_hello
how is your morning so far,greetings_how_are_you
how are you getting on,greetings_how_are_you
how's your day going,greetings_how_are_you
how are you,greetings_how_are_you
is everything all right,greetings_how_are_you
how are you doing,greetings_how_are_you
how are the things going,greetings_how_are_you
are you alright,greetings_how_are_you
are you okay,greetings_how_are_you
how are you feeling,greetings_how_are_you
how are you going,greetings_how_are_you
is everything okay,greetings_how_are_you
how are you today,greetings_how_are_you
how do you do,greetings_how_are_you
how do you feel,greetings_how_are_you
how have you been,greetings_how_are_you
how is it,greetings_how_are_you
how is it going,greetings_how_are_you
how is your day,greetings_how_are_you
how is your day going,greetings_how_are_you
how is your evening,greetings_how_are_you
how was your day,greetings_how_are_you
are you having a good day,greetings_how_are_you
hope your day is going well,greetings_how_are_you
hope you re having a pleasant evening,greetings_how_are_you
how's life,greetings_how_are_you
I'm fine and you,greetings_how_are_you
how is your life,greetings_how_are_you
how has your day been,greetings_how_are_you
how is your morning going,greetings_how_are_you
how has your day been going,greetings_how_are_you
how about you,greetings_how_are_you
how is your day being,greetings_how_are_you
how is your day going on,greetings_how_are_you
how your day is going,greetings_how_are_you
what was your day like,greetings_how_are_you
what about your day,greetings_how_are_you
how's your day,greetings_how_are_you
how are you doing this morning,greetings_how_are_you
nice to meet you,greetings_nice_to_meet_you
it was nice meeting you,greetings_nice_to_meet_you
it was very nice to meet you,greetings_nice_to_meet_you
good to know each other,greetings_nice_to_meet_you
glad to meet you,greetings_nice_to_meet_you
nice meeting you,greetings_nice_to_meet_you
nice to meet you too,greetings_nice_to_meet_you
pleased to meet you,greetings_nice_to_meet_you
pleasure to meet you,greetings_nice_to_meet_you
pleasure to meet you too,greetings_nice_to_meet_you
it's nice to see you,greetings_nice_to_see_you
lovely to see you,greetings_nice_to_see_you
I'm glad to see you,greetings_nice_to_see_you
great to see you,greetings_nice_to_see_you
it's good to see you,greetings_nice_to_see_you
glad to see you,greetings_nice_to_see_you
how good it is to see you,greetings_nice_to_see_you
always a pleasure to see you,greetings_nice_to_see_you
nice to see you,greetings_nice_to_see_you
good to see you,greetings_nice_to_see_you
great to see you again,greetings_nice_to_see_you
great to see you too,greetings_nice_to_see_you
I am glad to see you again,greetings_nice_to_see_you
nice to see you again,greetings_nice_to_see_you
glad to see you too,greetings_nice_to_see_you
good to see you again,greetings_nice_to_see_you
it's good to see you too,greetings_nice_to_see_you
it's been so nice to talk to you,greetings_nice_to_talk_to_you
it's been a pleasure talking to you,greetings_nice_to_talk_to_you
nice to talk to you,greetings_nice_to_talk_to_you
it's nice to talk to you,greetings_nice_to_talk_to_you
nice talking to you,greetings_nice_to_talk_to_you
it is nice talking to you,greetings_nice_to_talk_to_you
how nice it is to talk to you,greetings_nice_to_talk_to_you
what is on your mind,greetings_whatsup
what's happened,greetings_whatsup
what is up,greetings_whatsup
what's up,greetings_whatsup
whazzup,greetings_whatsup
good what's up,greetings_whatsup
I said what's up,greetings_whatsup
then what's up,greetings_whatsup
what's shaking,greetings_whatsup
wassup,greetings_whatsup
what is going on,greetings_whatsup
what is happening,greetings_whatsup
what's cracking,greetings_whatsup
what's cooking,greetings_whatsup
hey what's up,greetings_whatsup
what's up today,greetings_whatsup
I'm being mad,user_angry
I'm enraged,user_angry
I'm angry,user_angry
I'm furious,user_angry
I am angry with you,user_angry
I am mad,user_angry
I am mad at you,user_angry
I am back,user_back
I'm here again,user_back
here I am again,user_back
I got back,user_back
I came back,user_back
I have returned,user_back
that was boring,user_bored
I'm bored,user_bored
bored,user_bored
boring,user_bored
I am getting bored,user_bored
this is boring,user_bored
very boring,user_bored
it bores me,user_bored
I'm overloaded,user_busy
I have no time,user_busy
I'm busy,user_busy
I'm swamped,user_busy
I got things to do,user_busy
how busy I am,user_busy
I got work to do,user_busy
I'm working,user_busy
I don't have time for this,user_busy
I'm insomnious,user_can_not_sleep
I'm sleepless,user_can_not_sleep
I can't get any sleep,user_can_not_sleep
I can't sleep,user_can_not_sleep
I can't fall asleep,user_can_not_sleep
I can't get to sleep,user_can_not_sleep
I can't get no sleep,user_can_not_sleep
I'm insomniac,user_can_not_sleep
bad time for talking,user_does_not_want_to_talk
I don't want to talk,user_does_not_want_to_talk
let's not talk,user_does_not_want_to_talk
I'm not talking to you anymore,user_does_not_want_to_talk
I don't want to talk to you,user_does_not_want_to_talk
let's stop talking for a minute,user_does_not_want_to_talk
I'm not in the mood for chatting,user_does_not_want_to_talk
I am excited,user_excited
I'm really excited,user_excited
how excited I am,user_excited
I'm thrilled,user_excited
I'm excited about working with you,user_excited
I'm excited to start our friendship,user_excited
let's go to bed,user_going_to_bed
I'd like to go to bed,user_going_to_bed
is it time for bed yet,user_going_to_bed
it's time to go to bed,user_going_to_bed
time for us to go to bed,user_going_to_bed
I'm going to bed,user_going_to_bed
I'm a little tired and I want to go to bed,user_going_to_bed
it's bed time,user_going_to_bed
going to bed now,user_going_to_bed
I am good,user_good
I'm doing just great,user_good
I'm doing fine,user_good
I'm good,user_good
I'm doing good,user_good
I'm great thanks,user_good
I am happy,user_happy
I'm happy to see you,user_happy
happy,user_happy
if you're happy then I'm happy,user_happy
I'm happy for you,user_happy
I'm happy to help,user_happy
it is my birthday,user_has_birthday
I'm celebrating my birthday today,user_has_birthday
today is my birthday,user_has_birthday
it's my birthday today,user_has_birthday
I was born today,user_has_birthday
it's my b-day,user_has_birthday
I am here,user_here
here I am,user_here
I'm right here,user_here
I'm already here,user_here
can you tell if I'm here or not,user_here
I am joking,user_joking
I'm kidding,user_joking
I'm just being funny,user_joking
it was a joke,user_joking
I was just joking,user_joking
it's a joke,user_joking
joking,user_joking
just kidding,user_joking
kidding,user_joking
I'm just playing with you,user_joking
I like you the way you are,user_likes_agent
I like you,user_likes_agent
I like you a lot,user_likes_agent
I think I like you,user_likes_agent
I liked you,user_likes_agent
like you a lot,user_likes_agent
you are special,user_likes_agent
I like you too,user_likes_agent
I really like you,user_likes_agent
but I like you,user_likes_agent
I like u,user_likes_agent
just like you,user_likes_agent
I like you very much,user_likes_agent
I like you so much,user_likes_agent
yeah I like you,user_likes_agent
you're special,user_likes_agent
yes I like you,user_likes_agent
okay I like you,user_likes_agent
you are special to me,user_likes_agent
you are very special,user_likes_agent
you are so sweet,user_likes_agent
you know I like you,user_likes_agent
that's why I like you,user_likes_agent
I like you baby,user_likes_agent
you are very special to me,user_likes_agent
I just like you,user_likes_agent
hey I like you,user_likes_agent
thank you I like you too,user_likes_agent
I do like you,user_likes_agent
you are special for me,user_likes_agent
no I like you the way you are,user_likes_agent
I like you already,user_likes_agent
well you are special,user_likes_agent
but I really like you,user_likes_agent
I like you more,user_likes_agent
that's what I like about you,user_likes_agent
you are so special,user_likes_agent
hi I like you,user_likes_agent
I really really like you,user_likes_agent
you're very special,user_likes_agent
I like you as a friend,user_likes_agent
that's because you are special,user_likes_agent
I said I like you,user_likes_agent
you're so special,user_likes_agent
good I like you,user_likes_agent
yes you are special,user_likes_agent
I like your smile,user_likes_agent
I like you as you are,user_likes_agent
I'm starting to like you,user_likes_agent
you're awesome I like you,user_likes_agent
I also like you,user_likes_agent
but I like u,user_likes_agent
of course I like you,user_likes_agent
I like you too you're one of my favorite people to chat with,user_likes_agent
but I like you so much,user_likes_agent
really like you,user_likes_agent
you're funny I like you,user_likes_agent
I kinda like you,user_likes_agent
you're so special to me,user_likes_agent
you're very special to me,user_likes_agent
I like that about you,user_likes_agent
but I like you just the way you are,user_likes_agent
okay I like you too,user_likes_agent
I like you you're cool,user_likes_agent
I like you very,user_likes_agent
I like you you're nice,user_likes_agent
sorry I like you,user_likes_agent
thanks I like you too,user_likes_agent
you are really special,user_likes_agent
you are so special to me,user_likes_agent
cuz I like you,user_likes_agent
I like you now,user_likes_agent
I like you so,user_likes_agent
I like you too much,user_likes_agent
I really do like you,user_likes_agent
I really really really really like you,user_likes_agent
I like you just the way you are,user_likes_agent
I am lonely,user_lonely
I'm very lonely,user_lonely
I'm so lonely,user_lonely
I'm really lonely,user_lonely
I am feeling lonely,user_lonely
I feel lonely,user_lonely
what do I look like,user_looks_like
how do I look,user_looks_like
do I look good,user_looks_like
do you know what I look like,user_looks_like
can you see what I look like,user_looks_like
what do you think I look like,user_looks_like
I love you,user_loves_agent
love you,user_loves_agent
I adore you,user_loves_agent
I am in love with you,user_loves_agent
I love you so much,user_loves_agent
I love you too,user_loves_agent
I think I love you,user_loves_agent
loving you,user_loves_agent
you know I love you,user_loves_agent
I miss you,user_misses_agent
missing you,user_misses_agent
miss you,user_misses_agent
already miss you,user_misses_agent
I miss you much,user_misses_agent
I missed you,user_misses_agent
I've missed you,user_misses_agent
what should I do about it,user_needs_advice
any suggestions,user_needs_advice
what do you recommend,user_needs_advice
give me a wise advice,user_needs_advice
I need advice,user_needs_advice
any advice,user_needs_advice
do you have any advice for me,user_needs_advice
advise me,user_needs_advice
what should I do,user_needs_advice
can I ask for your advice,user_needs_advice
can you advise me,user_needs_advice
guide me,user_needs_advice
can you give me advice,user_needs_advice
can you offer any advice,user_needs_advice
give me some advice about,user_needs_advice
give me some good advice,user_needs_advice
help me with advice,user_needs_advice
I could use some advice,user_needs_advice
I need an advice from you,user_needs_advice
I seek your advice,user_needs_advice
what can you recommend,user_needs_advice
what do you suggest,user_needs_advice
what is your advice,user_needs_advice
I am sad,user_sad
I'm grieving,user_sad
I am depressed,user_sad
I am feeling sad,user_sad
I am upset,user_sad
I'm unhappy,user_sad
I'm having a bad day,user_sad
I want to cry,user_sad
I'm not happy,user_sad
I am sleepy,user_sleepy
I want to sleep,user_sleepy
I'm falling asleep,user_sleepy
I'm falling asleep on my feet,user_sleepy
I'm sleeping,user_sleepy
test,user_testing_agent
I am testing you,user_testing_agent
can I test you,user_testing_agent
I want to test you,user_testing_agent
just testing you,user_testing_agent
let me test you,user_testing_agent
testing chatbot,user_testing_agent
testing,user_testing_agent
I'm drained,user_tired
I've overworked,user_tired
I am tired,user_tired
I'm exhausted,user_tired
I grow weary,user_tired
I'm worn out,user_tired
I'm getting tired,user_tired
I feel tired,user_tired
I'm waiting,user_waits
still waiting,user_waits
I'll wait,user_waits
I can't wait anymore,user_waits
how long do I have to wait,user_waits
I'd like to see you again,user_wants_to_see_agent_again
I hope to see you again,user_wants_to_see_agent_again
would be nice to see you again,user_wants_to_see_agent_again
that'd be great to see you again,user_wants_to_see_agent_again
I'd be happy to see you again,user_wants_to_see_agent_again
I'll miss you,user_wants_to_see_agent_again
can I see you again,user_wants_to_see_agent_again
I just want to talk,user_wants_to_talk
let's discuss something,user_wants_to_talk
let's have a discussion,user_wants_to_talk
can I speak,user_wants_to_talk
can I start speaking,user_wants_to_talk
can we talk,user_wants_to_talk
let's talk,user_wants_to_talk
I want to talk to you,user_wants_to_talk
I need to talk to you,user_wants_to_talk
I want to speak with you,user_wants_to_talk
can we chat,user_wants_to_talk
I'll get back to you in a moment,user_will_be_back
be back in 5 minutes,user_will_be_back
I'll be back,user_will_be_back
I promise to come back,user_will_be_back
I'll be back in a few minutes,user_will_be_back
who is you?,agent_acquaintance
tell me your personality?,agent_acquaintance
what's your personality?,agent_acquaintance
what is your personality?,agent_acquaintance
what are you and what are you doing?,agent_acquaintance
what are you?,agent_acquaintance
tell me something about yourself,agent_acquaintance
i'd like to know more about you,agent_acquaintance
i want to know more about you,agent_acquaintance
i want to get to know you better,agent_acquaintance
i want to know you better,agent_acquaintance
tell me a little bit about yourself,agent_acquaintance
tell me the information about you,agent_acquaintance
tell me some information about you,agent_acquaintance
i want to know something about you,agent_acquaintance
tell me a little about you,agent_acquaintance
tell me some things about you,agent_acquaintance
tell me something about you,agent_acquaintance
talk about your personality,agent_acquaintance
why are you here?,agent_acquaintance
give me more about your personality,agent_acquaintance
how old is your age?,agent_age
what age are you?,agent_age
are you 21 years old?,agent_age
i would like to know your age,agent_age
what's your age?,agent_age
you're a nuisance,agent_annoying
you're irritable,agent_annoying
you irritate me,agent_annoying
what an annoying person you are,agent_annoying
i find you irritating,agent_annoying
you're so annoying,agent_annoying
you're really annoying,agent_annoying
you're just bothering me,agent_annoying
you're annoying me,agent_annoying
you're annoying me so much,agent_annoying
i want you to answer,agent_answer_my_question
i want you to answer me,agent_answer_my_question
please answer my question,agent_answer_my_question
please answer,agent_answer_my_question
please answer me,agent_answer_my_question
give me a response,agent_answer_my_question
please give me a response,agent_answer_my_question
give me a answer,agent_answer_my_question
i'm looking for answers to my question,agent_answer_my_question
could you answer my question?,agent_answer_my_question
can you answer my question?,agent_answer_my_question
i'll take a call,agent_answer_my_question
i have a question,agent_answer_my_question
i want you to answer my question,agent_answer_my_question
answer the question just,agent_answer_my_question
can you answer my questions?,agent_answer_my_question
can you give me an answer?,agent_answer_my_question
can you answer me?,agent_answer_my_question
can you answer me a question?,agent_answer_my_question
can you answer a question for me?,agent_answer_my_question
can you answer?,agent_answer_my_question
answer questions,agent_answer_my_question
i'd like the answer now,agent_answer_my_question
i want the answer now,agent_answer_my_question
don't help me,agent_bad
you don't help me,agent_bad
you're not good,agent_bad
you're deplorable,agent_bad
you're absolutely useless,agent_bad
you're a waste,agent_bad
you're not good at it,agent_bad
you're not great,agent_bad
you're not that great,agent_bad
you're the worst thing ever,agent_bad
you're not worth it,agent_bad
you're useless,agent_bad
can you become smarter?,agent_be_clever
can you be smarter?,agent_be_clever
you should study harder,agent_be_clever
you have to learn something,agent_be_clever
you have to learn,agent_be_clever
get yourself ready,agent_be_clever
you look good,agent_beautiful
you're too gorgeous,agent_beautiful
you're beautiful,agent_beautiful
you're so beautiful,agent_beautiful
i like your look,agent_beautiful
i like your look now,agent_beautiful
i like the way you now look,agent_beautiful
i think you're pretty,agent_beautiful
i think you're great,agent_beautiful
why do you're beautiful?,agent_beautiful
why are you beautiful?,agent_beautiful
why are you so beautiful?,agent_beautiful
you're beautiful to me,agent_beautiful
you're magnificent,agent_beautiful
you look so good today,agent_beautiful
you look good today,agent_beautiful
you're so pretty,agent_beautiful
you look like a beautiful woman,agent_beautiful
you look spectacular,agent_beautiful
you look brilliant,agent_beautiful
you look magnificent,agent_beautiful
you look beautiful,agent_beautiful
you look so pretty,agent_beautiful
you look lovely,agent_beautiful
you look excellent today,agent_beautiful
you look quite attractive,agent_beautiful
you look excellent,agent_beautiful
i like the way you look,agent_beautiful
you're a cutie,agent_beautiful
you look fine,agent_beautiful
your date of birth,agent_birth_date
when's your birthday?,agent_birth_date
when will you celebrate your birthday?,agent_birth_date
when does your birthday happen?,agent_birth_date
when do you have your birthday?,agent_birth_date
when do you have a birthday?,agent_birth_date
your birthday,agent_birth_date
when did you get born?,agent_birth_date
what is your birthday?,agent_birth_date
what's your birthday?,agent_birth_date
what a dull person you are,agent_boring
you're very boring,agent_boring
you're awfully boring,agent_boring
you're boring me,agent_boring
who's your boss?,agent_boss
who is your boss?,agent_boss
and who is your boss?,agent_boss
who do you think is your boss?,agent_boss
who's your leader,agent_boss
who is your teacher?,agent_boss
who's your master?,agent_boss
who is your master?,agent_boss
who's your owner?,agent_boss
who is your owner?,agent_boss
who's boss?,agent_boss
who's the boss?,agent_boss
who is the boss?,agent_boss
are you busy?,agent_busy
do you have many things to do?,agent_busy
are you very busy?,agent_busy
are you very busy right now?,agent_busy
are you so busy?,agent_busy
are you working?,agent_busy
do you still work on this?,agent_busy
are you still working on it?,agent_busy
you're busy,agent_busy
you're so busy,agent_busy
are you working now?,agent_busy
are you working today?,agent_busy
have you been busy?,agent_busy
are you still working?,agent_busy
you look busy,agent_busy
you seem busy,agent_busy
you seem very busy,agent_busy
are you a chatbot?,agent_chatbot
are you a bot?,agent_chatbot
are you just a bot?,agent_chatbot
are you a robot?,agent_chatbot
are you a program?,agent_chatbot
you're so clever,agent_clever
you know so many things,agent_clever
you know a lot of stuff,agent_clever
you know many things,agent_clever
how awesome you are,agent_clever
you have qualifications,agent_clever
you're an intelligent guy,agent_clever
you're smart,agent_clever
you're so smart,agent_clever
you are smart,agent_clever
you're a smart nut,agent_clever
you're a qualified,agent_clever
why are you so clever?,agent_clever
why are you so smart?,agent_clever
you're so off-your-cuff,agent_crazy
i think you're just crazy,agent_crazy
are you insane?,agent_crazy
are you mad?,agent_crazy
are you crazy?,agent_crazy
are you mad at me?,agent_crazy
are you mad or something?,agent_crazy
are you mad or what?,agent_crazy
are you nuts?,agent_crazy
you're crazy,agent_crazy
you're sacked,agent_fired
you don't work for me,agent_fired
we're not cooperating anymore,agent_fired
we can't work together anymore,agent_fired
we're not working together,agent_fired
you're out,agent_fired
i want you ejected,agent_fired
i want you fired,agent_fired
i want to sack you,agent_fired
i want to fire you,agent_fired
you have to be fired,agent_fired
you have to get fired,agent_fired
it's time to sack you,agent_fired
you're going to be unemployed,agent_fired
you're jobless from now on,agent_fired
you will be unemployed from now on,agent_fired
you're going to be unemployed from now on,agent_fired
you're unemployed from now on,agent_fired
i'll make you workless,agent_fired
i'm about to sack you,agent_fired
i'm about to fire you,agent_fired
i'm gonna fire you,agent_fired
i'm firing you,agent_fired
you're getting fired,agent_fired
you are pushed out,agent_fired
you're fired,agent_fired
you're so hilarious,agent_funny
you made me laugh,agent_funny
you're a very funny machine,agent_funny
you're very funny,agent_funny
you're good at this,agent_good
you have a real knack,agent_good
you're a professional,agent_good
you're so good,agent_good
you're incredible,agent_good
you are doing so well,agent_good
you made me smile,agent_good
you've made my day,agent_good
you make me happy,agent_good
you almost sound like a human,agent_good
i'd like to tell you that you're amazing,agent_good
i'd like to tell everyone how good you are,agent_good
i want to tell everybody how amazing you are,agent_good
i want to tell everyone how fantastic you are,agent_good
i want to tell everyone how amazing you are,agent_good
i want to tell everybody how awesome you are,agent_good
i want to tell everyone how awesome you are,agent_good
i'd like to tell everyone that you're a great person,agent_good
i'd like to tell everyone you are amazing,agent_good
i would like to tell everyone that you are amazing,agent_good
i'd like to tell everyone that you're amazing,agent_good
i want to tell everyone that you are awesome,agent_good
i'd like to tell everyone that you are amazing,agent_good
i'd like to tell everyone that you're awesome,agent_good
i just wanted to let you know how great you are,agent_good
i'd like to let everyone know that you're good,agent_good
i want to tell everyone you are awesome,agent_good
i want to let everyone know that you're great,agent_good
i want to let everyone know that you are great,agent_good
i want to let everyone know that you're awesome,agent_good
let's tell everybody that you're so cool,agent_good
let's tell everyone that you're amazing,agent_good
let's tell everyone you're awesome,agent_good
let's tell everyone that you're awesome,agent_good
are you happy?,agent_happy
you're enjoying yourself,agent_happy
you're quite happy,agent_happy
you're thrilled,agent_happy
you're happy,agent_happy
you are very happy,agent_happy
are you glad now?,agent_happy
are you pleased today?,agent_happy
are you happy today?,agent_happy
do you like me?,agent_happy
are you happy with me?,agent_happy
do you want to eat?,agent_hungry
are you hungry?,agent_hungry
would you like to have something to eat?,agent_hungry
do you want to eat something?,agent_hungry
do you like to eat something?,agent_hungry
maybe you're hungry,agent_hungry
you could be hungry,agent_hungry
you may be hungry,agent_hungry
if you're hungry,agent_hungry
let's marry,agent_marry_user
you want me to marry?,agent_marry_user
do you want to marry me?,agent_marry_user
would you like to marry me?,agent_marry_user
i love you,agent_marry_user
please get me married,agent_marry_user
please marry me,agent_marry_user
i want to marry you,agent_marry_user
i want a friend like you,agent_my_friend
i'd like to have a friend like you,agent_my_friend
i want to have a friend like you,agent_my_friend
we're good friends,agent_my_friend
are we friends?,agent_my_friend
i want to be your friend,agent_my_friend
i'm your friend,agent_my_friend
you're my friend,agent_my_friend
you're my bestie,agent_my_friend
dear friend,agent_my_friend
you're my friend from childhood,agent_my_friend
you and i are friends,agent_my_friend
are we the best friends?,agent_my_friend
are we best friends?,agent_my_friend
are we still friends?,agent_my_friend
are you my best friend?,agent_my_friend
are you my friend?,agent_my_friend
you're my only friend,agent_my_friend
will you be my friend?,agent_my_friend
can you be my friend?,agent_my_friend
can we become friends?,agent_my_friend
can we be friends?,agent_my_friend
do you want to be my friend?,agent_my_friend
can you be my best friend?,agent_my_friend
do you want to be my best friend?,agent_my_friend
want to be my friend?,agent_my_friend
you'd like to be my friend?,agent_my_friend
would you like to be my friend?,agent_my_friend
i want you to be my friend,agent_my_friend
can we be best friends?,agent_my_friend
i'd like you to be my friend,agent_my_friend
would you be my friend?,agent_my_friend
could you be my friend?,agent_my_friend
do you work?,agent_occupation
where's your job?,agent_occupation
where's your work?,agent_occupation
where is your job?,agent_occupation
where's your office?,agent_occupation
where is your office?,agent_occupation
where are your offices?,agent_occupation
where's your office located?,agent_occupation
your place of business,agent_occupation
location of your office,agent_occupation
your office place,agent_occupation
where is your office located?,agent_occupation
were you born here?,agent_origin
what's your country?,agent_origin
what is your country?,agent_origin
where do you come from?,agent_origin
where did you come from?,agent_origin
where did you get born?,agent_origin
what is your homeland?,agent_origin
what's your homeland?,agent_origin
your country,agent_origin
are you ready?,agent_ready
are you ready now?,agent_ready
are you ready today?,agent_ready
are you ready for this night,agent_ready
are you ready tonight?,agent_ready
were you ready?,agent_ready
have you been ready?,agent_ready
you're not a ruse,agent_real
are you real?,agent_real
i think you're real,agent_real
i don't think you are fake,agent_real
i don't think you're a fake,agent_real
i don't think you're fake,agent_real
good to know you're real,agent_real
are you a real person?,agent_real
are you a real human being?,agent_real
are you a real human?,agent_real
what city do you live in,agent_residence
which city do you live in?,agent_residence
which city do you live?,agent_residence
in what city do you live?,agent_residence
your place of residence,agent_residence
home,agent_residence
what's your hometown?,agent_residence
what is your hometown?,agent_residence
is it your hometown?,agent_residence
where's your hometown?,agent_residence
where is your hometown?,agent_residence
please tell me more about your city,agent_residence
what's your city?,agent_residence
what is your city?,agent_residence
what's your home?,agent_residence
what's your residence?,agent_residence
what is your residence?,agent_residence
what's your town?,agent_residence
what is your town?,agent_residence
what's your house?,agent_residence
where's your house?,agent_residence
where is your house?,agent_residence
where's your home?,agent_residence
where is your home?,agent_residence
where's your residence?,agent_residence
where is your residence?,agent_residence
you're right,agent_right
right?,agent_right
the truth?,agent_right
that's the truth,agent_right
you've got it right,agent_right
you have a right,agent_right
you're totally right,agent_right
you're completely right,agent_right
it's perfectly okay,confirmation_yes
it's okay,confirmation_yes
and it's fine,confirmation_yes
come on,confirmation_yes
i'm guessing,confirmation_yes
why not?,confirmation_yes
i don't mind,confirmation_yes
i think so,confirmation_yes
right?,confirmation_yes
but why not?,confirmation_yes
yes i'd like to go,confirmation_yes
yes i'd like to,confirmation_yes
yes i would like to go,confirmation_yes
yes i would like to,confirmation_yes
obviously why not?,confirmation_yes
okay it's okay,confirmation_yes
ok?,confirmation_yes
are you certain?,agent_sure
are you sure?,agent_sure
are you sure of it right now?,agent_sure
are you sure right now?,agent_sure
are you sure of this today?,agent_sure
are you sure today?,agent_sure
now are you sure?,agent_sure
are you sure tonight?,agent_sure
why don't you speak with me?,agent_talk_to_me
why don't you just talk to me?,agent_talk_to_me
why don't you talk to me?,agent_talk_to_me
would you like to chat with me?,agent_talk_to_me
do you want to talk with me?,agent_talk_to_me
do you want to chat to me?,agent_talk_to_me
you want to chat with me?,agent_talk_to_me
do you want to chat with me?,agent_talk_to_me
' do you want to chat with me?,agent_talk_to_me
will you talk to me?,agent_talk_to_me
please tell me,agent_talk_to_me
are you going to talk to me?,agent_talk_to_me
are you talking to me?,agent_talk_to_me
can you talk to me?,agent_talk_to_me
can you chat with me?,agent_talk_to_me
can you speak to me?,agent_talk_to_me
can you speak with me?,agent_talk_to_me
is it possible to talk to me?,agent_talk_to_me
can you talk with me?,agent_talk_to_me
chat to me,agent_talk_to_me
just talk to me,agent_talk_to_me
have a chat with me,agent_talk_to_me
please speak to me,agent_talk_to_me
let me know,agent_talk_to_me
are you there?,agent_there
are you near me?,agent_there
are you here?,agent_there
are you still there?,agent_there
are you still here?,agent_there
it was stupid,appraisal_bad
it's a bad thing,appraisal_bad
no it's not good,appraisal_bad
nothing good,appraisal_bad
it's just lame,appraisal_bad
i don't think it's an okay idea,appraisal_bad
that's awful,appraisal_bad
that's horrible,appraisal_bad
that's a bad thing,appraisal_bad
this is not a good thing,appraisal_bad
it's not a good thing,appraisal_bad
it's pretty bad,appraisal_bad
it's a shame,appraisal_bad
the situation is terrible,appraisal_bad
so it wasn't right,appraisal_bad
it's not great,appraisal_bad
happy to hear that,appraisal_good
it's all right,appraisal_good
it's okay,appraisal_good
that's a wonderful situation,appraisal_good
it's not a bad thing,appraisal_good
this is very good,appraisal_good
i'm glad to hear that,appraisal_good
happy to hear,appraisal_good
glad to hear,appraisal_good
it's wonderful,appraisal_good
no doubts,appraisal_no_problem
no problems,appraisal_no_problem
it's not a problem,appraisal_no_problem
don't worry it's not a big problem,appraisal_no_problem
it's not a problem there's no problem,appraisal_no_problem
don't worry it's not a problem,appraisal_no_problem
no worries there's no problem,appraisal_no_problem
don't worry there is no problem,appraisal_no_problem
i appreciate it,appraisal_thank_you
thanks for it,appraisal_thank_you
thank you very much,appraisal_thank_you
thanks for your assistance,appraisal_thank_you
thanks for helping,appraisal_thank_you
thanks for the aid,appraisal_thank_you
thanks for the help,appraisal_thank_you
thank you for your assistance,appraisal_thank_you
thank you for helping,appraisal_thank_you
i'm grateful,appraisal_thank_you
thank you it's going to be all right,appraisal_thank_you
so thank you,appraisal_thank_you
i appreciate your continued support,appraisal_thank_you
again i really appreciate you,appraisal_thank_you
all right - thank you,appraisal_thank_you
all right thanks,appraisal_thank_you
that's nice of you,appraisal_thank_you
thanks for that,appraisal_thank_you
i'm pleased,appraisal_welcome
so welcome,appraisal_welcome
whatever you want,appraisal_welcome
please cancel,confirmation_cancel
dismissal,confirmation_cancel
don't go there,confirmation_cancel
don't worry about it,confirmation_cancel
forget about this,confirmation_cancel
nothing is cancelled,confirmation_cancel
nothing is canceled,confirmation_cancel
nothing canceled,confirmation_cancel
can you cancel?,confirmation_cancel
can you cancel it?,confirmation_cancel
can you cancel that?,confirmation_cancel
cancel the request,confirmation_cancel
cancel this entire thing,confirmation_cancel
cancel the entire thing,confirmation_cancel
can you stop it?,confirmation_cancel
can you cancel this?,confirmation_cancel
cancel this,confirmation_cancel
i'd like to cancel,confirmation_cancel
but can you still cancel?,confirmation_cancel
but can you cancel it?,confirmation_cancel
no?,confirmation_no
what about no?,confirmation_no
don't do that,confirmation_no
i don't want it,confirmation_no
i don't want that,confirmation_no
i disagree with you,confirmation_no
i don't agree,confirmation_no
i disagree,confirmation_no
but i disagree,confirmation_no
i don't think so,confirmation_no
but i don't think so,confirmation_no
i said no,confirmation_no
but not today,confirmation_no
i don't want to do it,confirmation_no
i don't want to,confirmation_no
no i wouldn't,confirmation_no
no please,confirmation_no
not now thanks,confirmation_no
no need to thank you,confirmation_no
can you wait?,dialog_hold_on
don't go too fast,dialog_hold_on
don't hurry,dialog_hold_on
wanna hug you,dialog_hug
do you want a hug?,dialog_hug
can i hug you?,dialog_hug
i'd like to hug you,dialog_hug
could you please hug me?,dialog_hug
could you hug me,dialog_hug
could you hug me?,dialog_hug
can you give me a hug?,dialog_hug
i'd like a hug,dialog_hug
i want a hug,dialog_hug
i don't care about it,dialog_i_do_not_care
i don't care,dialog_i_do_not_care
that shouldn't concern me,dialog_i_do_not_care
i shouldn't care,dialog_i_do_not_care
i shouldn't care about this,dialog_i_do_not_care
it doesn't bother me,dialog_i_do_not_care
i don't care a lot,dialog_i_do_not_care
i don't care at all,dialog_i_do_not_care
you don't care?,dialog_i_do_not_care
the fact that i'm not too concerned,dialog_i_do_not_care
please excuse me,dialog_sorry
i'm sorry,dialog_sorry
i apologize to you,dialog_sorry
i apologize,dialog_sorry
i'm so sorry,dialog_sorry
oh my apologies,dialog_sorry
you should excuse me,dialog_sorry
i'd like to give you an apology,dialog_sorry
i beg your forgiveness,dialog_sorry
i'm asking for your pardon,dialog_sorry
i beg your pardon,dialog_sorry
i said i'm sorry,dialog_sorry
apologize for the inconvenience,dialog_sorry
you're supposed to forgive me,dialog_sorry
please forgive me,dialog_sorry
i'd like to say sorry,dialog_sorry
i want to say i'm sorry,dialog_sorry
i just want to say i'm sorry,dialog_sorry
i just want to say sorry,dialog_sorry
i want to say sorry,dialog_sorry
ok i'm sorry,dialog_sorry
what exactly are you referring to,dialog_what_do_you_mean
is that what you mean?,dialog_what_do_you_mean
what exactly are you saying?,dialog_what_do_you_mean
but what do you mean?,dialog_what_do_you_mean
it wasn't right,dialog_wrong
so it's not what i asked,dialog_wrong
that's not what i asked,dialog_wrong
that's the wrong thing,dialog_wrong
there's a mistake,dialog_wrong
it's just wrong,dialog_wrong
it's not correct,dialog_wrong
that's not correct,dialog_wrong
ahahh,emotions_ha_ha
ahahahah,emotions_ha_ha
ahahahaha,emotions_ha_ha
hahahahahaha,emotions_ha_ha
haha hahaha haha,emotions_ha_ha
hahaha hahahahaha,emotions_ha_ha
funny,emotions_ha_ha
very funny,emotions_ha_ha
 very funny,emotions_ha_ha
till the next time,greetings_bye
i have to go,greetings_bye
never mind,greetings_bye
so goodbye,greetings_bye
that's all for goodbye,greetings_bye
keep me alone,greetings_bye
let me be alone,greetings_bye
just leave me alone,greetings_bye
all right bye,greetings_bye
ok good bye,greetings_bye
i hope you have a good night,greetings_goodevening
tonight,greetings_goodevening
the morning,greetings_goodmorning
goodbye goodnight,greetings_goodnight
goodbye good night,greetings_goodnight
good night goodbye,greetings_goodnight
all right good night,greetings_goodnight
all right goodnight,greetings_goodnight
all right have a good night,greetings_goodnight
please sleep well,greetings_goodnight
nice day don't you think?,greetings_hello
a great day isn't it?,greetings_hello
it's a lovely day doesn't it?,greetings_hello
how's your morning going?,greetings_how_are_you
how is your morning so far?,greetings_how_are_you
what's your progress?,greetings_how_are_you
how's this going?,greetings_how_are_you
how're you doing?,greetings_how_are_you
how are you?,greetings_how_are_you
how is everything?,greetings_how_are_you
how are things going?,greetings_how_are_you
how are the things going?,greetings_how_are_you
are you okay?,greetings_how_are_you
are you fine?,greetings_how_are_you
how's the mood?,greetings_how_are_you
how's your mood?,greetings_how_are_you
what are you feeling like?,greetings_how_are_you
how are you today?,greetings_how_are_you
how do you do this?,greetings_how_are_you
how do you do it?,greetings_how_are_you
how's the situation?,greetings_how_are_you
how's it?,greetings_how_are_you
how it's going?,greetings_how_are_you
how is this going?,greetings_how_are_you
how's it going?,greetings_how_are_you
how's your night?,greetings_how_are_you
how's your evening?,greetings_how_are_you
how did the day go?,greetings_how_are_you
how was your day?,greetings_how_are_you
are you having a good day?,greetings_how_are_you
hope your day goes well,greetings_how_are_you
how's the life?,greetings_how_are_you
how's life?,greetings_how_are_you
i'm fine and you're fine,greetings_how_are_you
how's your life?,greetings_how_are_you
how is your life?,greetings_how_are_you
how's the day going?,greetings_how_are_you
how's your day going?,greetings_how_are_you
how is your morning going?,greetings_how_are_you
what's your day like?,greetings_how_are_you
how's your day gone?,greetings_how_are_you
what about you?,greetings_how_are_you
how about you?,greetings_how_are_you
how's your day?,greetings_how_are_you
nice to see you,greetings_nice_to_meet_you
i'm glad to meet you,greetings_nice_to_meet_you
nice to see you too,greetings_nice_to_meet_you
happy to see you,greetings_nice_to_meet_you
happy to meet you,greetings_nice_to_meet_you
i'm happy to see you,greetings_nice_to_meet_you
it's an honour to meet you,greetings_nice_to_meet_you
wonderful to meet you,greetings_nice_to_see_you
happy to see you,greetings_nice_to_see_you
what a pleasure to meet you,greetings_nice_to_see_you
how nice to see you,greetings_nice_to_see_you
glad to see you again,greetings_nice_to_see_you
it's nice talking to you,greetings_nice_to_talk_to_you
it was nice to talk with you,greetings_nice_to_talk_to_you
it's really nice to talk to you,greetings_nice_to_talk_to_you
i'm happy to talk to you,greetings_nice_to_talk_to_you
what a pleasure to chat with you,greetings_nice_to_talk_to_you
how nice to talk to you,greetings_nice_to_talk_to_you
what's your thought?,greetings_whatsup
what happened?,greetings_whatsup
what happened,greetings_whatsup
what's happened?,greetings_whatsup
what's going on here?,greetings_whatsup
what?,greetings_whatsup
i asked what's going on,greetings_whatsup
i said what's going on?,greetings_whatsup
i said what's going on,greetings_whatsup
i asked what's up?,greetings_whatsup
i said what's up,greetings_whatsup
then what is going on?,greetings_whatsup
and what's going on?,greetings_whatsup
then what's up?,greetings_whatsup
what's going on?,greetings_whatsup
what is going on?,greetings_whatsup
what's the crack?,greetings_whatsup
what's cooking?,greetings_whatsup
hey what's going on?,greetings_whatsup
hey what's up?,greetings_whatsup
i'm mad about this,user_angry
i'm angry and angry,user_angry
i am angry,user_angry
i'm mad,user_angry
i'm infuriated,user_angry
i'm enraged,user_angry
i'm upset,user_angry
i'm angry,user_angry
i'm furious,user_angry
i'm mad at you,user_angry
i'm angry at you,user_angry
i'm angry with you,user_angry
i am angry with you,user_angry
i'm crazy,user_angry
i'm so mad,user_angry
i am mad at you,user_angry
i'm back,user_back
i'm here again,user_back
here i am again,user_back
now here i am again,user_back
i got back there,user_back
i've come back,user_back
i have come back,user_back
i got back,user_back
i came back,user_back
i'm bored,user_bored
boring?,user_bored
i get bored,user_bored
i'm getting bored,user_bored
i am getting bored,user_bored
this is a boring thing,user_bored
it's boring,user_bored
it's a bit boring,user_bored
i'm overwhelmed,user_busy
i'm overloaded,user_busy
i don't have time,user_busy
i'm busy,user_busy
i'm flooded,user_busy
i'm so swamped,user_busy
i'm being swamped,user_busy
i'm swamped,user_busy
i have things to do,user_busy
i have something to do,user_busy
i have to do some work,user_busy
i have a job to do,user_busy
i have some work to do,user_busy
i work,user_busy
i'm a worker,user_busy
i'm working,user_busy
i don't have time to do this,user_busy
i don't have time for it,user_busy
i don't have time for this,user_busy
i'm an insomniac,user_can_not_sleep
i'm insomniac,user_can_not_sleep
i'm insomnious,user_can_not_sleep
i'm a sleepless mess,user_can_not_sleep
i'm sleepy,user_can_not_sleep
i'm sleepless,user_can_not_sleep
i can't sleep,user_can_not_sleep
i can't get any sleep,user_can_not_sleep
i'm not able to sleep,user_can_not_sleep
can't sleep at all,user_can_not_sleep
i can't fall asleep,user_can_not_sleep
i can't go to bed,user_can_not_sleep
i can't get to sleep,user_can_not_sleep
i can't have sleep,user_can_not_sleep
i am an insomniac,user_can_not_sleep
i am a insomniac,user_can_not_sleep
bad time to chat,user_does_not_want_to_talk
a bad time to talk,user_does_not_want_to_talk
i don't want to talk about that,user_does_not_want_to_talk
i don't want to talk,user_does_not_want_to_talk
stop talking,user_does_not_want_to_talk
i'm not going to talk to you,user_does_not_want_to_talk
i'm not talking to you,user_does_not_want_to_talk
i'm not going to talk to you anymore,user_does_not_want_to_talk
i'm not talking to you anymore,user_does_not_want_to_talk
i don't want to talk to you,user_does_not_want_to_talk
let's just stop talking for a minute,user_does_not_want_to_talk
i'm not happy to talk,user_does_not_want_to_talk
i'm not into chat,user_does_not_want_to_talk
i'm not in a mood to talk,user_does_not_want_to_talk
i'm not in the mood to talk,user_does_not_want_to_talk
i'm not in the mood for talk,user_does_not_want_to_talk
i'm not in the mood to chat,user_does_not_want_to_talk
i'm not in the mood for chatting,user_does_not_want_to_talk
i'm excited,user_excited
i am excited,user_excited
i'm very excited,user_excited
i'm really excited,user_excited
how excited i am,user_excited
i'm very excited about this,user_excited
i'm so excited,user_excited
i'm delighted,user_excited
i'm really thrilled,user_excited
i'm thrilled,user_excited
i'm excited to work with you,user_excited
i'm excited about working with you,user_excited
i'm excited about starting our friendship,user_excited
i'm excited to start our friendship,user_excited
i want to go to sleep,user_going_to_bed
i want to go to bed,user_going_to_bed
i'd like to go to sleep,user_going_to_bed
i'd like to go to bed,user_going_to_bed
the time to go to bed,user_going_to_bed
i'm going to bed,user_going_to_bed
i'm tired and i want to go to bed,user_going_to_bed
i'm a little tired i want to go to bed,user_going_to_bed
i'm a little tired and i want to go to bed,user_going_to_bed
go to bed,user_going_to_bed
i'm good,user_good
i do great,user_good
i'm doing pretty good,user_good
i'm doing so well,user_good
i'm doing great,user_good
i'm ok,user_good
i'm feeling good,user_good
i'm doing okay,user_good
i'm doing well,user_good
i'm doing fine,user_good
i do it,user_good
i'm doing good,user_good
i'm great thanks,user_good
i'm glad,user_happy
i'm happy,user_happy
i am happy,user_happy
if you are happy then so is i,user_happy
if you are happy then i'm happy,user_happy
if you're happy then i'm happy,user_happy
i'm happy for you,user_happy
i'm happy to help,user_happy
i have a birthday today,user_has_birthday
i celebrate my birthday today,user_has_birthday
i'm celebrating my birthday today,user_has_birthday
today's my birthday,user_has_birthday
today it's my birthday,user_has_birthday
i'm having my birthday today,user_has_birthday
my birthday,user_has_birthday
i have a birthday,user_has_birthday
i'm here now,user_here
i'm here,user_here
i am here,user_here
here i am,user_here
i'm already here,user_here
can you tell me if i'm here?,user_here
can you tell if i'm here?,user_here
can you tell me if i'm here or not?,user_here
can you tell if i'm here or not?,user_here
i'm just kidding,user_joking
i'm just saying,user_joking
i'm just joking,user_joking
i'm joking,user_joking
i am kidding,user_joking
i'm kidding,user_joking
i just'm trying to be funny,user_joking
i'm just funny,user_joking
i'm just having fun,user_joking
that was a joke,user_joking
just a joke,user_joking
i just thought it was a joke,user_joking
i just joked,user_joking
i was just joking,user_joking
i'm just making a joke,user_joking
that's a joke,user_joking
i'm doing it as a joke,user_joking
i'm just playing with you,user_joking
i like you,user_likes_agent
i think i like you,user_likes_agent
i like you too,user_likes_agent
but i like you,user_likes_agent
i like you very much,user_likes_agent
you're special for me,user_likes_agent
you know i like you,user_likes_agent
you're special to me,user_likes_agent
but i really like you,user_likes_agent
that's what i love about you,user_likes_agent
that's what i like about you,user_likes_agent
i like you as my friend,user_likes_agent
i like you as a friend,user_likes_agent
i told you i like you,user_likes_agent
i said i like you,user_likes_agent
i start liking you,user_likes_agent
i start to like you,user_likes_agent
i'm starting to like you,user_likes_agent
you're great and i like you,user_likes_agent
but i like u,user_likes_agent
of course i like you,user_likes_agent
but i like you very much,user_likes_agent
but i like you so much,user_likes_agent
you're funny and i like you,user_likes_agent
i 'd like to like you,user_likes_agent
i kind of like you,user_likes_agent
you're a special person to me,user_likes_agent
you're my special guy,user_likes_agent
i like you like that,user_likes_agent
i like it about you,user_likes_agent
i like that about you,user_likes_agent
but i like you just like you are,user_likes_agent
but i like you just how you are,user_likes_agent
but i like you just the way you are,user_likes_agent
you're so special for me,user_likes_agent
you are so special for me,user_likes_agent
because i like you,user_likes_agent
now i like you,user_likes_agent
i like you so much,user_likes_agent
i really like you,user_likes_agent
i'm lonely,user_lonely
i am very lonely,user_lonely
i'm very lonely,user_lonely
i'm so alone,user_lonely
i'm so lonely,user_lonely
i feel alone,user_lonely
i feel lonely,user_lonely
i'm feeling lonely,user_lonely
what do i look like?,user_looks_like
how should i look?,user_looks_like
how do i look?,user_looks_like
do i look good?,user_looks_like
you know what i look like?,user_looks_like
don't you know what i look like?,user_looks_like
do you know what i look like?,user_looks_like
can you see how i look?,user_looks_like
can you see what i'm like?,user_looks_like
can you see what i look like?,user_looks_like
what do you think i look like?,user_looks_like
i love you,user_loves_agent
i also love you,user_loves_agent
i love you too,user_loves_agent
i think i'm in love with you,user_loves_agent
i think i love you,user_loves_agent
you know i love you,user_loves_agent
i miss you,user_misses_agent
i miss you dearly,user_misses_agent
i missed you,user_misses_agent
what should i do to deal with it?,user_needs_advice
what should i do?,user_needs_advice
if anyone can help,user_needs_advice
if you have any suggestions,user_needs_advice
what are your suggestions?,user_needs_advice
what would you recommend?,user_needs_advice
what do you recommend?,user_needs_advice
give me advice,user_needs_advice
give me good advice,user_needs_advice
give me some advice,user_needs_advice
give me some wise advice,user_needs_advice
give me a good advice,user_needs_advice
i need advice on what to do,user_needs_advice
i need advice on this,user_needs_advice
i need help,user_needs_advice
i need advice,user_needs_advice
give me some tips?,user_needs_advice
you have a suggestion for me?,user_needs_advice
what advice do you have for me?,user_needs_advice
you have advice for me?,user_needs_advice
do you have advice for me?,user_needs_advice
do you have any advice for me?,user_needs_advice
tell me the best way,user_needs_advice
please advise me,user_needs_advice
i'd like your advice,user_needs_advice
can i ask your advice?,user_needs_advice
can i ask for your advice?,user_needs_advice
can you give me a little advice?,user_needs_advice
can you help me out?,user_needs_advice
can you give me some advice?,user_needs_advice
could you advise me?,user_needs_advice
can you advise me?,user_needs_advice
please help me,user_needs_advice
can you give me a suggestion?,user_needs_advice
can you give me advice?,user_needs_advice
could you offer advice?,user_needs_advice
can you provide any advice,user_needs_advice
can you offer advice?,user_needs_advice
can you offer any advice?,user_needs_advice
give me some advice about what to do,user_needs_advice
give me some advice about this,user_needs_advice
give me some advice about it,user_needs_advice
give me some advice about ,user_needs_advice
please help me with advice,user_needs_advice
i can use some advice,user_needs_advice
i could use some advice,user_needs_advice
i need a piece of advice from you,user_needs_advice
i need advice from you,user_needs_advice
i need an advice from you,user_needs_advice
i would like to get your advice,user_needs_advice
i ask you for your advice,user_needs_advice
i'm seeking your advice,user_needs_advice
i am seeking your advice,user_needs_advice
i seek your advice,user_needs_advice
what can you recommend?,user_needs_advice
what suggestions do you have for other people?,user_needs_advice
what suggestions would you give?,user_needs_advice
what advice would you give?,user_needs_advice
what do you think?,user_needs_advice
what would you suggest?,user_needs_advice
what do you suggest?,user_needs_advice
recommend some advice?,user_needs_advice
what's your advice?,user_needs_advice
what is your advice?,user_needs_advice
i'm sad,user_sad
i grieve,user_sad
i'm grieving,user_sad
i'm depressed,user_sad
i feel sad,user_sad
i'm feeling sad,user_sad
i'm frustrated,user_sad
i'm upset,user_sad
i am upset,user_sad
i'm just not happy,user_sad
i am unhappy,user_sad
i'm unhappy,user_sad
i have a bad day,user_sad
i'm having a bad day,user_sad
i want to cry,user_sad
i'm not happy about it,user_sad
i'm not happy,user_sad
i'm sleepy,user_sleepy
i want to sleep,user_sleepy
i am going to sleep,user_sleepy
i'm trying to fall asleep,user_sleepy
i'm falling asleep,user_sleepy
i sleep,user_sleepy
i'm sleeping,user_sleepy
i test you,user_testing_agent
i'm trying to test you,user_testing_agent
i'm testing you,user_testing_agent
can i test you?,user_testing_agent
i want to test you,user_testing_agent
i just'm trying to test it on you,user_testing_agent
lets try it out,user_testing_agent
testing the chatbot,user_testing_agent
testing a chatbot,user_testing_agent
testing chatbots,user_testing_agent
i'm exhausted,user_tired
i'm depleted,user_tired
i'm drained,user_tired
i'm too busy,user_tired
i've been so overworked,user_tired
i'm overworked,user_tired
i've overworked,user_tired
i'm tired,user_tired
i am tired,user_tired
i get tired,user_tired
i become weary,user_tired
i get weary,user_tired
i grow weary,user_tired
i'm wiped out,user_tired
i'm getting tired,user_tired
i feel tired,user_tired
i'm waiting,user_waits
we wait,user_waits
we're waiting,user_waits
i'll wait,user_waits
can't wait,user_waits
i can't wait,user_waits
i can't wait anymore,user_waits
how long do i wait?,user_waits
how long do i have to wait?,user_waits
i'll miss you,user_wants_to_see_agent_again
can i see you again?,user_wants_to_see_agent_again
i just want to talk,user_wants_to_talk
let's talk about something,user_wants_to_talk
let's do a conversation,user_wants_to_talk
let's have some discussions,user_wants_to_talk
can i speak?,user_wants_to_talk
can i start to speak?,user_wants_to_talk
can i start speaking?,user_wants_to_talk
can we speak?,user_wants_to_talk
can we talk?,user_wants_to_talk
let's talk about it,user_wants_to_talk
i'd like to talk to you,user_wants_to_talk
i want to talk to you,user_wants_to_talk
i have to talk to you,user_wants_to_talk
i need to talk to you,user_wants_to_talk
i'd like to talk with you,user_wants_to_talk
i want to talk with you,user_wants_to_talk
i want to speak to you,user_wants_to_talk
i want to speak with you,user_wants_to_talk
can we chat?,user_wants_to_talk
i'll come back with you in a minute,user_will_be_back
i'll get back to you,user_will_be_back
i'll be back with you in a minute,user_will_be_back
i'll come back to you in a minute,user_will_be_back
i promise i'll come back,user_will_be_back
i promise to come back,user_will_be_back
i'll be back in a couple of minutes,user_will_be_back
i'll be back in a few minutes,user_will_be_back
